{"cameraMode":{"drawMode":0,"name":"Shaded","section":"Shading Mode"},"sceneLighting":false,"audioPlay":false,"sceneViewState":{"showFog":true,"showMaterialUpdate":false,"showSkybox":false,"showFlares":true,"showImageEffects":true,"showParticleSystems":true},"in2DMode":false,"pivot":{"x":-2.106475353240967,"y":4.883920192718506,"z":11.162193298339844},"rotation":{"x":-0.3642241954803467,"y":0.5828189253807068,"z":-0.3275447189807892,"w":-0.6486302018165588},"size":7.363851070404053,"orthographic":false}