{"cameraMode":{"drawMode":0,"name":"Shaded","section":"Shading Mode"},"sceneLighting":true,"audioPlay":false,"sceneViewState":{"showFog":true,"showMaterialUpdate":false,"showSkybox":true,"showFlares":true,"showImageEffects":true,"showParticleSystems":true},"in2DMode":false,"pivot":{"x":32.845027923583987,"y":2.109189033508301,"z":51.308597564697269},"rotation":{"x":0.25530490279197695,"y":-0.3129691183567047,"z":0.08775773644447327,"w":0.9107716679573059},"size":14.184771537780762,"orthographic":false}