{"cameraMode":{"drawMode":0,"name":"Shaded","section":"Shading Mode"},"sceneLighting":false,"audioPlay":false,"sceneViewState":{"showFog":true,"showMaterialUpdate":false,"showSkybox":false,"showFlares":true,"showImageEffects":true,"showParticleSystems":true},"in2DMode":false,"pivot":{"x":-0.06672000885009766,"y":0.8091707229614258,"z":-0.21954220533370973},"rotation":{"x":0.10285918414592743,"y":0.5112018585205078,"z":-0.061886951327323917,"w":0.8512328863143921},"size":1.361199140548706,"orthographic":false}