{"cameraMode":{"drawMode":0,"name":"Shaded","section":"Shading Mode"},"sceneLighting":false,"audioPlay":false,"sceneViewState":{"showFog":true,"showMaterialUpdate":false,"showSkybox":false,"showFlares":true,"showImageEffects":true,"showParticleSystems":true},"in2DMode":false,"pivot":{"x":-4.526657581329346,"y":2.802791118621826,"z":-11.890371322631836},"rotation":{"x":-0.3642241954803467,"y":0.5828189253807068,"z":-0.3275447189807892,"w":-0.6486302018165588},"size":3.481229305267334,"orthographic":false}