{"cameraMode":{"drawMode":0,"name":"Shaded","section":"Shading Mode"},"sceneLighting":false,"audioPlay":false,"sceneViewState":{"showFog":true,"showMaterialUpdate":false,"showSkybox":false,"showFlares":true,"showImageEffects":true,"showParticleSystems":true},"in2DMode":false,"pivot":{"x":0.8022216558456421,"y":1.358799934387207,"z":0.15861409902572633},"rotation":{"x":0.19927868247032166,"y":0.31179124116897585,"z":-0.0670720562338829,"w":0.9267606139183044},"size":2.3788414001464845,"orthographic":false}