{"cameraMode":{"drawMode":0,"name":"Shaded","section":"Shading Mode"},"sceneLighting":false,"audioPlay":false,"sceneViewState":{"showFog":true,"showMaterialUpdate":false,"showSkybox":false,"showFlares":true,"showImageEffects":true,"showParticleSystems":true},"in2DMode":false,"pivot":{"x":-0.1764078140258789,"y":3.968667507171631,"z":-0.04970836639404297},"rotation":{"x":-0.3642241954803467,"y":0.5828189253807068,"z":-0.3275447189807892,"w":-0.6486302018165588},"size":9.399975776672364,"orthographic":false}