{"cameraMode":{"drawMode":0,"name":"Shaded","section":"Shading Mode"},"sceneLighting":false,"audioPlay":false,"sceneViewState":{"showFog":true,"showMaterialUpdate":false,"showSkybox":false,"showFlares":true,"showImageEffects":true,"showParticleSystems":true},"in2DMode":false,"pivot":{"x":-8.684738159179688,"y":3.476534128189087,"z":4.839034080505371},"rotation":{"x":0.19828808307647706,"y":0.7470385432243347,"z":-0.25493356585502627,"w":0.5813267827033997},"size":5.8385748863220219,"orthographic":false}