{"cameraMode":{"drawMode":0,"name":"Shaded","section":"Shading Mode"},"sceneLighting":true,"audioPlay":false,"sceneViewState":{"showFog":true,"showMaterialUpdate":false,"showSkybox":true,"showFlares":true,"showImageEffects":true,"showParticleSystems":true},"in2DMode":false,"pivot":{"x":62.330562591552737,"y":26.387306213378908,"z":72.83600616455078},"rotation":{"x":-0.026090456172823907,"y":0.9359137415885925,"z":-0.3446093201637268,"w":-0.07047481089830399},"size":5.629452705383301,"orthographic":false}