{"cameraMode":{"drawMode":0,"name":"Shaded","section":"Shading Mode"},"sceneLighting":true,"audioPlay":false,"sceneViewState":{"showFog":true,"showMaterialUpdate":false,"showSkybox":true,"showFlares":true,"showImageEffects":true,"showParticleSystems":true},"in2DMode":false,"pivot":{"x":16.585790634155275,"y":-11.345555305480957,"z":42.15789794921875},"rotation":{"x":0.17818902432918549,"y":-0.6673657298088074,"z":0.16867409646511079,"w":0.7035918831825256},"size":27.955459594726564,"orthographic":false}