{"cameraMode":{"drawMode":0,"name":"Shaded","section":"Shading Mode"},"sceneLighting":false,"audioPlay":false,"sceneViewState":{"showFog":true,"showMaterialUpdate":false,"showSkybox":false,"showFlares":true,"showImageEffects":true,"showParticleSystems":true},"in2DMode":false,"pivot":{"x":0.7991030216217041,"y":3.3411641120910646,"z":-6.962718963623047},"rotation":{"x":-0.3642241954803467,"y":0.5828189253807068,"z":-0.3275447189807892,"w":-0.6486302018165588},"size":4.270134925842285,"orthographic":false}